century,length_average,not_in_shanzai_frequency1000,ye2_frequency1000,er3_frequency1000,ye3_frequency1000,wei4_frequency1000,bei_frequency1000,hezhe_frequency1000,hedengren_frequency1000,cun_frequency1000,tian_frequency1000,sixiang_frequency1000,di_frequency1000,shigu_frequency1000,yiqie_frequency1000
2,13425.04,0.39627442450823241,0.1191802780475887,0.28007365341183343,0.99217581474617578,1.1202946136473337,0.017877041707138303,0.0,0.0,0.0,0.0,0.0,0.0,0.0,0.0
3,25133.632183908041,0.40930639258839874,0.21997360316761991,0.24695581228797245,0.9658716213929589,1.9111635917619199,0.077288022734569153,0.0,0.0,0.0091465115662212014,0.00137197673493318,0.0,0.0,0.0,0.0
4,156722.52631578947,0.29284071614331464,1.4860323038235863,0.10242708534829238,1.5827503385131214,3.6299487394416148,0.063471210265007419,0.0,0.0,0.15817428589851054,0.0,0.0,0.00033582650933866359,0.0,0.0
5,131136.42222222217,0.24088570020126623,0.71274376014528718,0.0749855239810484,0.71477726588036639,0.86305372572989725,0.067444606880129418,0.0,0.0,0.0673598774745011,0.0,0.0,0.0,0.0,0.0